epidemiological_week,date,order_for_place,last_available_confirmed,new_confirmed,last_available_confirmed_per_100k_inhabitants,last_available_deaths,new_deaths,last_available_death_rate,estimated_population,retail_and_recreation_percent_change_from_baseline,grocery_and_pharmacy_percent_change_from_baseline,parks_percent_change_from_baseline,transit_stations_percent_change_from_baseline,workplaces_percent_change_from_baseline,residential_percent_change_from_baseline
202122,2021-06-05,467,797603,3257,6471.30212,31187,195,0.0391,12325232,-19,39,7,-7,7,7
202122,2021-06-04,466,794346,1083,6444.87666,30992,14,0.039,12325232,-28,37,5,-20,-16,13
202122,2021-06-03,465,793263,3499,6436.0898,30978,90,0.0391,12325232,-28,30,13,-36,-36,17
202122,2021-06-02,464,789764,6573,6407.70089,30888,292,0.0391,12325232,-28,29,-5,-19,-13,12
202122,2021-05-31,462,783191,996,6354.37126,30596,20,0.0391,12325232,-33,23,-29,-24,-14,13
202122,2021-05-30,461,782195,1520,6346.29028,30576,10,0.0391,12325232,-34,19,-26,-25,6,9
202121,2021-05-29,460,780675,2125,6333.95785,30566,90,0.0392,12325232,-22,33,-9,-9,8,8
202121,2021-05-28,459,778550,431,6316.7168,30476,136,0.0391,12325232,-30,31,1,-17,-9,12
202121,2021-05-27,458,778119,2318,6313.21991,30340,148,0.039,12325232,-31,29,-9,-21,-14,12
202121,2021-05-26,457,775801,3298,6294.41296,30192,109,0.0389,12325232,-34,21,-11,-22,-15,13
202121,2021-05-25,456,772503,2737,6267.65484,30083,203,0.0389,12325232,-34,20,-21,-23,-15,13
202121,2021-05-24,455,769766,898,6245.44836,29880,14,0.0388,12325232,-34,19,-19,-22,-16,13
202121,2021-05-23,454,768868,914,6238.16249,29866,10,0.0388,12325232,-34,18,-19,-22,6,9
202120,2021-05-22,453,767954,3164,6230.74681,29856,89,0.0389,12325232,-29,23,-41,-16,2,10
202120,2021-05-21,452,764790,2904,6205.0759,29767,118,0.0389,12325232,-31,29,0,-17,-11,12
202120,2021-05-20,451,761886,3067,6181.51447,29649,131,0.0389,12325232,-30,33,-9,-22,-15,12
202120,2021-05-19,450,758819,2830,6156.63056,29518,182,0.0389,12325232,-34,20,-11,-26,-17,13
202120,2021-05-18,449,755989,2621,6133.66953,29336,190,0.0388,12325232,-36,16,-28,-25,-17,13
202120,2021-05-17,448,753368,2254,6112.40421,29146,44,0.0387,12325232,-34,18,-22,-23,-16,13
202119,2021-05-15,446,751114,2732,6094.11652,29102,108,0.0387,12325232,-22,33,-18,-10,1,8
202119,2021-05-14,445,748382,3248,6071.95061,28994,119,0.0387,12325232,-32,29,-10,-19,-14,13
202119,2021-05-13,444,745134,2505,6045.59817,28875,111,0.0388,12325232,-34,29,-26,-24,-18,13
202119,2021-05-12,443,742629,2808,6025.27401,28764,181,0.0387,12325232,-38,12,-32,-25,-19,14
202119,2021-05-11,442,739821,2941,6002.49147,28583,219,0.0386,12325232,-34,19,-23,-25,-18,13
202119,2021-05-10,441,736880,538,5978.62985,28364,17,0.0385,12325232,-34,19,-25,-24,-18,13
202119,2021-05-09,440,736342,1285,5974.26483,28347,38,0.0385,12325232,-31,32,-25,-17,16,5
202118,2021-05-08,439,735057,1998,5963.83906,28309,178,0.0385,12325232,-15,51,-25,-6,4,7
202118,2021-05-07,438,733059,2513,5947.62841,28131,143,0.0384,12325232,-30,36,-24,-19,-14,12
202118,2021-05-06,437,730546,2400,5927.23934,27988,100,0.0383,12325232,-30,31,-12,-22,-18,12
202118,2021-05-05,436,728146,2599,5907.76709,27888,145,0.0383,12325232,-35,17,-18,-25,-18,13
202118,2021-05-04,435,725547,2724,5886.68027,27743,178,0.0382,12325232,-35,16,-25,-26,-19,13
202118,2021-05-03,434,722823,650,5864.57926,27565,35,0.0381,12325232,-34,16,-25,-25,-19,13
202118,2021-05-02,433,722173,3512,5859.30553,27530,162,0.0381,12325232,-33,20,4,-23,4,8
202117,2021-04-30,431,718661,3036,5830.81114,27368,116,0.0381,12325232,-35,27,-15,-22,-15,13
202117,2021-04-29,430,715625,3102,5806.17874,27252,160,0.0381,12325232,-37,20,-21,-26,-19,14
202117,2021-04-28,429,712523,3888,5781.01086,27092,177,0.038,12325232,-39,12,-22,-27,-20,14
202117,2021-04-27,428,708635,3637,5749.46581,26915,244,0.038,12325232,-41,9,-36,-29,-20,15
202117,2021-04-26,427,704998,1021,5719.95724,26671,29,0.0378,12325232,-42,7,-35,-28,-20,14
202117,2021-04-25,426,703977,4516,5711.67342,26642,253,0.0378,12325232,-41,11,-8,-26,3,9
202116,2021-04-23,424,699461,4034,5675.03314,26389,231,0.0377,12325232,-43,19,-23,-26,-19,15
202116,2021-04-22,423,695427,2172,5642.30353,26158,53,0.0376,12325232,-45,17,-38,-30,-22,15
202116,2021-04-21,422,693255,3904,5624.68114,26105,289,0.0377,12325232,-51,3,-37,-55,-62,26
202116,2021-04-20,421,689351,3986,5593.00628,25816,223,0.0374,12325232,-43,14,-42,-32,-24,15
202116,2021-04-19,420,685365,1126,5560.66612,25593,45,0.0373,12325232,-47,4,-44,-32,-23,16
202116,2021-04-18,419,684239,930,5551.53039,25548,22,0.0373,12325232,-52,7,-44,-35,-5,12
202115,2021-04-17,418,683309,3723,5543.98489,25526,207,0.0374,12325232,-49,18,-42,-28,-8,12
202115,2021-04-16,417,679586,4256,5513.77856,25319,196,0.0373,12325232,-51,16,-23,-30,-22,16
202115,2021-04-15,416,675330,4161,5479.24777,25123,291,0.0372,12325232,-50,17,-31,-33,-25,16
202115,2021-04-14,415,671169,4072,5445.48776,24832,227,0.037,12325232,-53,9,-34,-34,-27,17
202115,2021-04-13,414,667097,3885,5412.44984,24605,323,0.0369,12325232,-54,7,-45,-37,-28,17
202115,2021-04-12,413,663212,1331,5380.92914,24282,41,0.0366,12325232,-53,6,-38,-35,-27,16
202115,2021-04-11,412,661881,1689,5370.13015,24241,106,0.0366,12325232,-59,10,-30,-35,-10,12
202114,2021-04-10,411,660192,3679,5356.42656,24135,153,0.0366,12325232,-51,24,-35,-28,-11,12
202114,2021-04-09,410,656513,4397,5326.57722,23982,232,0.0365,12325232,-54,19,-26,-34,-27,17
202114,2021-04-08,409,652116,4671,5290.90243,23750,347,0.0364,12325232,-53,22,-30,-36,-30,17
202114,2021-04-07,408,647445,5123,5253.00457,23403,181,0.0361,12325232,-55,12,-36,-38,-31,18
202114,2021-04-06,407,642322,6740,5211.43943,23222,378,0.0362,12325232,-59,-3,-54,-42,-33,19
202114,2021-04-05,406,635582,1126,5156.75486,22844,50,0.0359,12325232,-57,2,-41,-40,-31,18
202114,2021-04-04,405,634456,1359,5147.61913,22794,60,0.0359,12325232,-64,2,-45,-40,-8,11
202113,2021-04-03,404,633097,1311,5136.59297,22734,61,0.0359,12325232,-58,18,-46,-41,-24,15
202113,2021-04-02,403,631786,3743,5125.95625,22673,248,0.0359,12325232,-73,-5,-45,-67,-70,29
202113,2021-04-01,402,628043,8646,5095.58765,22425,297,0.0357,12325232,-53,37,-35,-44,-43,19
202113,2021-03-31,401,619397,8348,5025.43887,22128,291,0.0357,12325232,-58,15,-40,-47,-43,21
202113,2021-03-30,400,611049,4748,4957.7079,21837,279,0.0357,12325232,-62,0,-51,-50,-45,22
202113,2021-03-29,399,606301,1242,4919.18529,21558,118,0.0356,12325232,-63,-4,-45,-50,-44,21
202113,2021-03-28,398,605059,2010,4909.1084,21440,32,0.0354,12325232,-65,-2,-44,-44,-15,14
202112,2021-03-27,397,603049,3709,4892.8004,21408,277,0.0355,12325232,-59,9,-45,-39,-19,15
202112,2021-03-26,396,599340,4241,4862.70766,21131,288,0.0353,12325232,-61,9,-33,-45,-41,22
202112,2021-03-25,395,595099,4214,4828.29857,20843,143,0.035,12325232,-55,14,-33,-39,-33,18
202112,2021-03-24,394,590885,4491,4794.10854,20700,66,0.035,12325232,-58,3,-36,-41,-34,19
202112,2021-03-23,393,586394,4149,4757.67109,20634,246,0.0352,12325232,-58,3,-43,-42,-34,19
202112,2021-03-22,392,582245,1232,4724.00844,20388,20,0.035,12325232,-58,2,-42,-41,-33,18
202112,2021-03-21,391,581013,1633,4714.01269,20368,16,0.0351,12325232,-62,3,-40,-41,-14,13
202111,2021-03-20,390,579380,4049,4700.76344,20352,116,0.0351,12325232,-57,16,-44,-35,-16,14
202111,2021-03-19,389,575331,3973,4667.91213,20236,160,0.0352,12325232,-58,10,-38,-38,-31,19
202111,2021-03-18,388,571358,3741,4635.67745,20076,179,0.0351,12325232,-59,4,-45,-42,-35,19
202111,2021-03-17,387,567617,3971,4605.32508,19897,108,0.0351,12325232,-59,2,-39,-41,-34,19
202111,2021-03-16,386,563646,3829,4573.10662,19789,154,0.0351,12325232,-58,1,-43,-41,-33,18
202111,2021-03-15,385,559817,1303,4542.04026,19635,35,0.0351,12325232,-58,0,-42,-40,-31,17
202111,2021-03-14,384,558514,1645,4531.46845,19600,34,0.0351,12325232,-57,3,-41,-37,-11,11
202110,2021-03-13,383,556869,3118,4518.12185,19566,93,0.0351,12325232,-50,16,-42,-31,-13,12
202110,2021-03-12,382,553751,3097,4492.82415,19473,86,0.0352,12325232,-50,16,-29,-32,-24,16
202110,2021-03-11,381,550654,3270,4467.69684,19387,87,0.0352,12325232,-50,13,-35,-34,-27,16
202110,2021-03-10,380,547384,3321,4441.16589,19300,93,0.0353,12325232,-50,11,-31,-34,-27,16
202110,2021-03-09,379,544063,3313,4414.22117,19207,90,0.0353,12325232,-51,7,-40,-35,-28,15
202110,2021-03-08,378,540750,1067,4387.34135,19117,65,0.0354,12325232,-49,11,-36,-33,-26,14
202110,2021-03-07,377,539683,1350,4378.68431,19052,9,0.0353,12325232,-56,8,-52,-37,-11,11
202109,2021-03-06,376,538333,2716,4367.73117,19043,70,0.0354,12325232,-50,19,-53,-32,-14,12
202109,2021-03-05,375,535617,2862,4345.69507,18973,74,0.0354,12325232,-25,27,-14,-19,-15,10
202109,2021-03-04,374,532755,2572,4322.47442,18899,63,0.0355,12325232,-31,16,-22,-24,-18,11
202109,2021-03-03,373,530183,2668,4301.60666,18836,67,0.0355,12325232,-34,10,-19,-24,-18,11
202109,2021-03-02,372,527515,1920,4279.96,18769,102,0.0356,12325232,-33,11,-25,-25,-19,11
202109,2021-03-01,371,525595,737,4264.3822,18667,25,0.0355,12325232,-33,12,-25,-24,-18,10
202109,2021-02-28,370,524858,857,4258.4026,18642,19,0.0355,12325232,-34,14,-23,-25,0,7
202108,2021-02-27,369,524001,1914,4251.44938,18623,50,0.0355,12325232,-25,21,-34,-17,0,7
202108,2021-02-26,368,522087,2133,4235.92027,18573,44,0.0356,12325232,-34,12,-27,-22,-14,11
202108,2021-02-25,367,519954,2592,4218.6143,18529,60,0.0356,12325232,-32,15,-30,-25,-17,11
202108,2021-02-24,366,517362,2449,4197.58427,18469,78,0.0357,12325232,-37,1,-29,-26,-18,11
202108,2021-02-23,365,514913,2282,4177.71446,18391,70,0.0357,12325232,-32,7,-22,-24,-18,10
202108,2021-02-22,364,512631,707,4159.1996,18321,15,0.0357,12325232,-32,7,-23,-24,-17,10
202108,2021-02-21,363,511924,829,4153.4634,18306,20,0.0358,12325232,-32,8,2,-20,2,5
202107,2021-02-20,362,511095,2151,4146.73736,18286,50,0.0358,12325232,-23,18,-10,-13,1,5
202107,2021-02-19,361,508944,2139,4129.28536,18236,44,0.0358,12325232,-29,15,-9,-20,-14,9
202107,2021-02-18,360,506805,2495,4111.93071,18192,48,0.0359,12325232,-30,15,-13,-23,-18,10
202107,2021-02-17,359,504310,2685,4091.68769,18144,63,0.036,12325232,-38,-2,-30,-27,-20,11
202107,2021-02-16,358,501625,2347,4069.90311,18081,71,0.036,12325232,-36,-1,-21,-34,-29,12
202107,2021-02-15,357,499278,552,4050.86087,18010,10,0.0361,12325232,-31,5,-16,-31,-27,11
202107,2021-02-14,356,498726,585,4046.38225,18000,18,0.0361,12325232,-31,7,-3,-23,3,6
202106,2021-02-13,355,498141,2203,4041.63589,17982,28,0.0361,12325232,-28,10,-45,-22,-3,7
202106,2021-02-12,354,495938,2529,4023.76199,17954,61,0.0362,12325232,-30,13,-16,-22,-16,9
202106,2021-02-11,353,493409,2153,4003.2431,17893,71,0.0363,12325232,-34,6,-28,-26,-20,11
202106,2021-02-10,352,491256,2810,3985.77487,17822,63,0.0363,12325232,-33,4,-22,-25,-19,10
202106,2021-02-09,351,488446,2737,3962.97611,17759,93,0.0364,12325232,-32,7,-25,-26,-20,10
202106,2021-02-08,350,485709,554,3940.76963,17666,16,0.0364,12325232,-32,6,-24,-25,-21,9
202106,2021-02-07,349,485155,802,3936.27479,17650,18,0.0364,12325232,-34,8,-11,-24,0,5
202105,2021-02-06,348,484353,2419,3929.76781,17632,49,0.0364,12325232,-24,19,-20,-15,0,5
202105,2021-02-05,347,481934,2422,3910.14141,17583,60,0.0365,12325232,-31,14,-18,-23,-17,9
202105,2021-02-04,346,479512,3213,3890.49066,17523,49,0.0365,12325232,-32,10,-13,-27,-20,10
202105,2021-02-03,345,476299,3036,3864.42219,17474,62,0.0367,12325232,-35,3,-18,-28,-20,11
202105,2021-02-02,344,473263,3138,3839.78979,17412,71,0.0368,12325232,-36,2,-25,-29,-23,11
202105,2021-02-01,343,470125,468,3814.32982,17341,8,0.0369,12325232,-35,3,-27,-28,-22,10
202105,2021-01-31,342,469657,764,3810.53273,17333,24,0.0369,12325232,-52,5,-29,-30,-7,6
202104,2021-01-30,341,468893,2721,3804.33407,17309,59,0.0369,12325232,-48,11,-32,-26,-12,8
202104,2021-01-29,340,466172,3267,3782.2574,17250,51,0.037,12325232,-32,12,-5,-24,-18,10
202104,2021-01-28,339,462905,3545,3755.7508,17199,68,0.0372,12325232,-34,8,-17,-28,-22,11
202104,2021-01-27,338,459360,3293,3726.98867,17131,108,0.0373,12325232,-37,2,-18,-29,-22,11
202104,2021-01-26,337,456067,1167,3700.27112,17023,19,0.0373,12325232,-38,0,-32,-31,-23,10
202104,2021-01-25,336,454900,545,3690.80274,17004,16,0.0374,12325232,-57,-23,-11,-60,-63,17
202104,2021-01-24,335,454355,894,3686.38091,16988,12,0.0374,12325232,-40,-3,-15,-28,-2,5
202103,2021-01-23,334,453461,3001,3679.1275,16976,61,0.0374,12325232,-34,4,-28,-22,-4,5
202103,2021-01-22,333,450460,1716,3654.77907,16915,60,0.0376,12325232,-34,5,-14,-27,-21,10
202103,2021-01-21,332,448744,2868,3640.85642,16855,83,0.0376,12325232,-34,6,-19,-30,-24,10
202103,2021-01-20,331,445876,3399,3617.58708,16772,105,0.0376,12325232,-35,3,-20,-31,-24,10
202103,2021-01-19,330,442477,3466,3590.0095,16667,75,0.0377,12325232,-38,-2,-32,-34,-26,11
202103,2021-01-18,329,439011,642,3561.88833,16592,12,0.0378,12325232,-37,-6,-27,-33,-26,10
202103,2021-01-17,328,438369,1140,3556.6795,16580,19,0.0378,12325232,-36,-2,-5,-26,-3,4
202102,2021-01-16,327,437229,3061,3547.43018,16561,75,0.0379,12325232,-29,6,-17,-22,-5,5
202102,2021-01-15,326,434168,3466,3522.59495,16486,98,0.038,12325232,-41,-8,-32,-34,-25,11
202102,2021-01-14,325,430702,2870,3494.47378,16388,97,0.038,12325232,-36,1,-24,-33,-26,10
202102,2021-01-13,324,427832,3580,3471.18821,16291,83,0.0381,12325232,-35,1,-23,-31,-24,11
202102,2021-01-12,323,424252,2638,3442.1421,16208,66,0.0382,12325232,-35,1,-31,-31,-24,12
202102,2021-01-11,322,421614,675,3420.73886,16142,12,0.0383,12325232,-32,7,-26,-28,-23,11
202102,2021-01-10,321,420939,943,3415.26228,16130,17,0.0383,12325232,-37,1,-27,-25,2,7
202101,2021-01-09,320,419996,2775,3407.61131,16113,73,0.0384,12325232,-27,15,-26,-17,-1,7
202101,2021-01-08,319,417221,3329,3385.09652,16040,70,0.0384,12325232,-33,11,-17,-26,-22,12
202101,2021-01-07,318,413892,3127,3358.08689,15970,60,0.0386,12325232,-33,14,-18,-28,-25,13
202101,2021-01-06,317,410765,3208,3332.71617,15910,74,0.0387,12325232,-37,3,-24,-30,-26,13
202101,2021-01-05,316,407557,2981,3306.68826,15836,93,0.0389,12325232,-36,7,-25,-31,-28,13
202101,2021-01-04,315,404576,551,3282.50211,15743,18,0.0389,12325232,-37,4,-29,-33,-29,12
202101,2021-01-03,314,404025,637,3278.0316,15725,9,0.0389,12325232,-61,-13,-41,-34,-10,8
202053,2021-01-02,313,403388,1670,3272.86334,15716,37,0.039,12325232,-69,-19,-58,-51,-40,14
202053,2020-12-31,311,401718,5872,3259.3139,15679,138,0.039,12325232,-54,29,-45,-52,-61,17
202053,2020-12-29,309,395846,3445,3211.6718,15541,64,0.0393,12325232,-30,10,-35,-35,-38,14
202053,2020-12-28,308,392401,484,3183.721,15477,14,0.0394,12325232,-26,9,-33,-34,-36,14
202053,2020-12-27,307,391917,660,3179.7941,15463,7,0.0395,12325232,-60,-16,-54,-36,-8,10
202052,2020-12-26,306,391257,423,3174.43923,15456,7,0.0395,12325232,-60,-8,-49,-42,-29,13
202052,2020-12-25,305,390834,1012,3171.00725,15449,9,0.0395,12325232,-83,-70,-52,-72,-77,21
202052,2020-12-24,304,389822,2298,3162.79645,15440,56,0.0396,12325232,-35,47,-34,-41,-52,14
202052,2020-12-23,303,387524,2413,3144.15177,15384,50,0.0397,12325232,-8,49,-17,-17,-26,8
202052,2020-12-22,302,385111,2351,3124.57404,15334,54,0.0398,12325232,-10,31,-30,-20,-25,9
202052,2020-12-21,301,382760,730,3105.49935,15280,14,0.0399,12325232,-13,22,-26,-19,-22,9
202052,2020-12-20,300,382030,0,3099.57654,15266,0,0.04,12325232,-12,22,-9,-2,18,4
202051,2020-12-19,299,382030,2498,3099.57654,15266,43,0.04,12325232,-7,30,-10,7,10,3
202051,2020-12-18,298,379532,2025,3079.30918,15223,48,0.0401,12325232,-19,20,-12,-13,-14,9
202051,2020-12-17,297,377507,4632,3062.87947,15175,121,0.0402,12325232,-18,22,-16,-17,-17,9
202051,2020-12-15,295,372875,916,3025.29802,15054,70,0.0404,12325232,-23,11,-27,-20,-18,10
202051,2020-12-14,294,371959,290,3017.86611,14984,16,0.0403,12325232,-22,12,-18,-20,-18,10
202051,2020-12-13,293,371669,201,3015.51322,14968,24,0.0403,12325232,-20,14,-8,-10,11,5
202050,2020-12-12,292,371468,1848,3013.88242,14944,38,0.0402,12325232,-13,24,-12,0,9,4
202050,2020-12-11,291,369620,1954,2998.88878,14906,38,0.0403,12325232,-24,17,-12,-15,-14,10
202050,2020-12-10,290,367666,1996,2983.03513,14868,63,0.0404,12325232,-20,22,-9,-18,-17,10
202050,2020-12-09,289,365670,2175,2966.84071,14805,44,0.0405,12325232,-23,14,-14,-20,-17,11
202050,2020-12-08,288,363495,2045,2949.19398,14761,56,0.0406,12325232,-24,12,-29,-22,-18,11
202050,2020-12-07,287,361450,268,2932.602,14705,7,0.0407,12325232,-22,14,-27,-21,-19,10
202050,2020-12-06,286,361182,643,2930.4276,14698,5,0.0407,12325232,-21,17,-23,-13,8,5
202049,2020-12-05,285,360539,2149,2925.21066,14693,56,0.0408,12325232,-12,26,-20,0,8,5
202049,2020-12-04,284,358390,2112,2907.77488,14637,35,0.0408,12325232,-22,22,-2,-16,-14,10
202049,2020-12-03,283,356278,2075,2890.6393,14602,84,0.041,12325232,-22,22,-11,-19,-17,11
202049,2020-12-02,282,354203,2059,2873.80392,14518,48,0.041,12325232,-24,17,-15,-21,-17,11
202049,2020-12-01,281,352144,2232,2857.09835,14470,69,0.0411,12325232,-26,15,-26,-22,-19,11
202049,2020-11-30,280,349912,290,2838.98916,14401,7,0.0412,12325232,-28,8,-30,-23,-19,11
202049,2020-11-29,279,349622,589,2836.63626,14394,10,0.0412,12325232,-14,42,15,8,13,3
202048,2020-11-28,278,349033,1408,2831.85744,14384,44,0.0412,12325232,-14,23,-6,-2,8,4
202048,2020-11-27,277,347625,970,2820.43372,14340,32,0.0413,12325232,-20,31,-4,-16,-14,9
202048,2020-11-26,276,346655,1210,2812.56369,14308,47,0.0413,12325232,-26,16,-17,-22,-18,11
202048,2020-11-25,275,345445,2623,2802.74643,14261,45,0.0413,12325232,-27,10,-11,-22,-18,11
202048,2020-11-24,274,342822,1482,2781.46488,14216,37,0.0415,12325232,-28,9,-20,-23,-19,11
202048,2020-11-23,273,341340,305,2769.44077,14179,4,0.0415,12325232,-29,8,-22,-23,-19,11
202048,2020-11-22,272,341035,498,2766.96617,14175,6,0.0416,12325232,-25,11,6,-12,6,5
202047,2020-11-21,271,340537,3834,2762.92568,14169,68,0.0416,12325232,-16,21,-7,-6,4,5
202047,2020-11-19,269,336703,1970,2731.81876,14101,34,0.0419,12325232,-30,14,-36,-24,-20,12
202047,2020-11-18,268,334733,1724,2715.83529,14067,60,0.042,12325232,-34,1,-36,-25,-20,13
202047,2020-11-17,267,333009,2256,2701.84772,14007,49,0.0421,12325232,-34,4,-38,-27,-21,13
202047,2020-11-16,266,330753,187,2683.54381,13958,6,0.0422,12325232,-30,8,-25,-24,-20,11
202047,2020-11-15,265,330566,300,2682.02659,13952,3,0.0422,12325232,-17,41,27,11,13,3
202046,2020-11-14,264,330266,1313,2679.59256,13949,109,0.0422,12325232,-16,22,-9,-3,7,5
202046,2020-11-13,263,328953,1768,2668.93962,13840,0,0.0421,12325232,-27,15,-15,-18,-16,11
202046,2020-11-12,262,327185,1777,2654.59506,13840,73,0.0423,12325232,-27,18,-22,-22,-19,11
202046,2020-11-11,261,325408,946,2640.17748,13767,52,0.0423,12325232,-32,5,-28,-23,-19,12
202046,2020-11-10,260,324462,5306,2632.50217,13715,0,0.0423,12325232,-28,13,-28,-23,-20,11
202045,2020-11-05,255,319156,623,2589.45227,13715,55,0.043,12325232,-29,19,-24,-23,-19,12
202045,2020-11-04,254,318533,1000,2584.3976,13660,54,0.0429,12325232,-31,11,-20,-23,-19,12
202045,2020-11-03,253,317533,187,2576.28416,13606,1,0.0428,12325232,-33,9,-31,-24,-20,11
202045,2020-11-02,252,317346,376,2574.76695,13605,8,0.0429,12325232,-47,-11,-13,-58,-69,20
202044,2020-10-31,250,316970,705,2571.7163,13597,16,0.0429,12325232,-24,21,-42,-13,1,7
202044,2020-10-30,249,316265,1256,2565.99632,13581,48,0.0429,12325232,-37,8,-38,-27,-22,13
202044,2020-10-29,248,315009,1289,2555.80585,13533,36,0.043,12325232,-31,11,-21,-23,-19,11
202044,2020-10-28,247,313720,1088,2545.34763,13497,46,0.043,12325232,-31,10,-11,-23,-19,11
202044,2020-10-27,246,312632,1331,2536.52021,13451,19,0.043,12325232,-32,9,-20,-23,-21,12
202044,2020-10-26,245,311301,185,2525.72122,13432,1,0.0431,12325232,-33,9,-22,-23,-20,11
202044,2020-10-25,244,311116,423,2524.22023,13431,4,0.0432,12325232,-36,4,-36,-20,2,7
202043,2020-10-24,243,310693,1186,2520.78825,13427,32,0.0432,12325232,-23,18,-31,-6,4,6
202043,2020-10-23,242,309507,1430,2511.16571,13395,19,0.0433,12325232,-29,18,0,-17,-17,11
202043,2020-10-22,241,308077,847,2499.5635,13376,18,0.0434,12325232,-29,19,-14,-21,-20,11
202043,2020-10-21,240,307230,802,2492.69142,13358,21,0.0435,12325232,-31,12,-21,-22,-20,12
202043,2020-10-20,239,306428,888,2486.18444,13337,43,0.0435,12325232,-35,6,-35,-26,-23,13
202043,2020-10-19,238,305540,69,2478.97971,13294,4,0.0435,12325232,-37,-4,-38,-26,-23,13
202043,2020-10-18,237,305471,92,2478.41988,13290,7,0.0435,12325232,-33,8,-31,-16,3,7
202042,2020-10-17,236,305379,2081,2477.67344,13283,65,0.0435,12325232,-25,18,-39,-9,3,7
202042,2020-10-15,234,303298,1075,2460.78938,13218,22,0.0436,12325232,-33,14,-36,-24,-23,13
202042,2020-10-14,233,302223,1014,2452.06743,13196,54,0.0437,12325232,-34,9,-21,-23,-22,12
202042,2020-10-13,232,301209,188,2443.84041,13142,8,0.0436,12325232,-34,7,-25,-24,-23,10
202042,2020-10-12,231,301021,116,2442.31508,13134,6,0.0436,12325232,-43,-8,-12,-54,-68,17
202042,2020-10-11,230,300905,418,2441.37392,13128,4,0.0436,12325232,-29,12,-23,-16,5,5
202041,2020-10-10,229,300487,1210,2437.98251,13124,30,0.0437,12325232,-20,25,-30,-5,2,4
202041,2020-10-09,228,299277,872,2428.16525,13094,38,0.0438,12325232,-38,7,-33,-25,-22,13
202041,2020-10-08,227,298405,1812,2421.09033,13056,94,0.0438,12325232,-30,19,-25,-24,-22,11
202041,2020-10-06,225,296593,1359,2406.38878,12962,71,0.0437,12325232,-32,12,-25,-24,-23,11
202040,2020-10-03,222,295234,1099,2395.36262,12891,51,0.0437,12325232,-25,21,-35,-9,1,6
202040,2020-10-02,221,294135,925,2386.44595,12840,43,0.0437,12325232,-32,17,-6,-20,-19,11
202040,2020-10-01,220,293210,1143,2378.94102,12797,67,0.0436,12325232,-32,21,-15,-27,-22,12
202040,2020-09-30,219,292067,1228,2369.66736,12730,64,0.0436,12325232,-35,12,-20,-28,-24,13
202040,2020-09-29,218,290839,1373,2359.70406,12666,61,0.0435,12325232,-38,5,-32,-31,-24,13
202040,2020-09-28,217,289466,158,2348.56431,12605,3,0.0435,12325232,-41,-1,-36,-33,-25,14
202040,2020-09-27,216,289308,123,2347.28239,12602,9,0.0436,12325232,-38,4,-25,-24,1,6
202039,2020-09-26,215,289185,1104,2346.28444,12593,46,0.0435,12325232,-29,15,-30,-16,1,6
202039,2020-09-25,214,288081,1219,2337.3272,12547,43,0.0436,12325232,-34,14,-11,-26,-20,13
202039,2020-09-24,213,286862,1387,2327.43692,12504,26,0.0436,12325232,-35,10,-23,-30,-24,14
202039,2020-09-23,212,285475,1223,2316.18358,12478,50,0.0437,12325232,-38,5,-32,-32,-25,15
202039,2020-09-22,211,284252,1526,2306.26085,12428,44,0.0437,12325232,-40,-1,-49,-36,-28,16
202039,2020-09-21,210,282726,228,2293.87974,12384,4,0.0438,12325232,-37,-1,-42,-34,-27,15
202039,2020-09-20,209,282498,281,2292.02988,12380,4,0.0438,12325232,-39,1,-42,-32,-3,8
202038,2020-09-19,208,282217,1443,2289.75,12376,68,0.0439,12325232,-24,16,-22,-16,-1,7
202038,2020-09-18,207,280774,1581,2278.04231,12308,42,0.0438,12325232,-32,11,-8,-28,-22,13
202038,2020-09-17,206,279193,1510,2265.21497,12266,53,0.0439,12325232,-32,10,-13,-31,-25,13
202038,2020-09-16,205,277683,1442,2252.96368,12213,85,0.044,12325232,-34,4,-14,-31,-25,14
202038,2020-09-15,204,276241,1501,2241.2641,12128,60,0.0439,12325232,-34,6,-30,-33,-25,14
202038,2020-09-14,203,274740,273,2229.08583,12068,11,0.0439,12325232,-34,2,-22,-32,-25,13
202038,2020-09-13,202,274467,294,2226.87086,12057,9,0.0439,12325232,-34,6,-18,-27,-1,6
202037,2020-09-12,201,274173,1316,2224.48551,12048,45,0.0439,12325232,-25,16,-21,-17,-2,7
202037,2020-09-11,200,272857,1352,2213.80823,12003,70,0.044,12325232,-31,14,1,-26,-23,13
202037,2020-09-10,199,271505,1505,2202.83886,11933,77,0.044,12325232,-29,17,-7,-29,-26,12
202037,2020-09-09,198,270000,1653,2190.62814,11856,116,0.0439,12325232,-33,10,-16,-31,-27,13
202037,2020-09-08,197,268347,580,2177.21662,11740,9,0.0437,12325232,-34,8,-27,-32,-28,11
202037,2020-09-06,195,267767,290,2172.51083,11731,14,0.0438,12325232,-34,9,-14,-27,-2,5
202036,2020-09-05,194,267477,1245,2170.15793,11717,51,0.0438,12325232,-23,23,-23,-16,-4,5
202036,2020-09-04,193,266232,1166,2160.0567,11666,55,0.0438,12325232,-30,17,-3,-27,-24,12
202036,2020-09-03,192,265066,2496,2150.59644,11611,57,0.0438,12325232,-30,16,-8,-31,-27,13
202036,2020-09-02,191,262570,1579,2130.34529,11554,76,0.044,12325232,-33,9,-17,-33,-27,13
202036,2020-09-01,190,260991,3042,2117.53418,11478,70,0.044,12325232,-35,7,-27,-35,-28,14
202036,2020-08-31,189,257949,171,2092.8531,11408,8,0.0442,12325232,-36,3,-26,-35,-28,13
202036,2020-08-30,188,257778,1267,2091.4657,11400,56,0.0442,12325232,-37,4,-13,-30,0,6
202035,2020-08-28,186,256511,2365,2081.18598,11344,66,0.0442,12325232,-34,11,1,-30,-24,13
202035,2020-08-27,185,254146,2083,2061.9977,11278,63,0.0444,12325232,-34,9,-10,-34,-27,14
202035,2020-08-26,184,252063,1892,2045.09741,11215,74,0.0445,12325232,-35,5,-19,-34,-27,15
202035,2020-08-25,183,250171,2441,2029.74678,11141,110,0.0445,12325232,-35,4,-31,-36,-29,15
202035,2020-08-24,182,247730,327,2009.94188,11031,8,0.0445,12325232,-35,3,-28,-35,-28,15
202035,2020-08-23,181,247403,911,2007.28879,11023,20,0.0446,12325232,-41,1,-38,-37,-4,11
202034,2020-08-22,180,246492,3903,1999.89745,11003,67,0.0446,12325232,-33,12,-52,-30,-9,12
202034,2020-08-21,179,242589,825,1968.2307,10936,73,0.0451,12325232,-46,-2,-44,-41,-30,18
202034,2020-08-20,178,241764,1649,1961.53711,10863,102,0.0449,12325232,-39,5,-41,-38,-31,16
202034,2020-08-19,177,240115,2181,1948.15805,10761,61,0.0448,12325232,-39,1,-32,-37,-29,16
202034,2020-08-18,176,237934,1771,1930.46265,10700,75,0.045,12325232,-43,-4,-47,-40,-31,16
202034,2020-08-17,175,236163,297,1916.09375,10625,20,0.045,12325232,-41,-3,-43,-39,-31,16
202034,2020-08-16,174,235866,347,1913.68406,10605,13,0.045,12325232,-48,-6,-52,-42,-9,10
202033,2020-08-15,173,235519,1532,1910.8687,10592,29,0.045,12325232,-33,11,-37,-25,-7,9
202033,2020-08-14,172,233987,2784,1898.43891,10563,110,0.0451,12325232,-36,10,-6,-31,-27,15
202033,2020-08-13,171,231203,7063,1875.8511,10453,142,0.0452,12325232,-36,9,-18,-35,-30,15
202033,2020-08-12,170,224140,6896,1818.54589,10311,90,0.046,12325232,-37,6,-18,-36,-30,15
202033,2020-08-11,169,217244,2915,1762.59562,10221,114,0.047,12325232,-36,5,-22,-36,-31,15
202033,2020-08-10,168,214329,235,1738.94495,10107,8,0.0472,12325232,-36,5,-23,-36,-31,15
202033,2020-08-09,167,214094,587,1737.0383,10099,14,0.0472,12325232,-42,13,-28,-30,7,6
202032,2020-08-08,166,213507,2038,1732.27571,10085,73,0.0472,12325232,-26,26,-22,-19,-4,8
202032,2020-08-07,165,211469,1910,1715.74052,10012,103,0.0473,12325232,-31,20,-5,-30,-27,14
202032,2020-08-06,164,209559,3457,1700.24386,9909,103,0.0473,12325232,-32,18,-14,-34,-31,15
202032,2020-08-05,163,206102,2823,1672.1957,9806,104,0.0476,12325232,-37,9,-21,-37,-31,16
202032,2020-08-04,162,203279,2574,1649.29147,9702,58,0.0477,12325232,-37,5,-26,-38,-32,16
202032,2020-08-03,161,200705,261,1628.40748,9644,10,0.0481,12325232,-38,4,-26,-38,-31,16
202032,2020-08-02,160,200444,770,1626.28987,9634,15,0.0481,12325232,-43,6,-23,-35,-2,9
202031,2020-08-01,159,199674,2114,1620.04253,9619,70,0.0482,12325232,-32,19,-31,-26,-7,10
202031,2020-07-31,158,197560,3876,1602.89072,9549,79,0.0483,12325232,-39,12,-20,-36,-29,16
202031,2020-07-30,157,193684,4857,1571.44304,9470,74,0.0489,12325232,-42,5,-39,-41,-34,17
202031,2020-07-29,156,188827,3119,1532.03607,9396,78,0.0498,12325232,-44,-2,-39,-41,-33,18
202031,2020-07-28,155,185708,3681,1506.73026,9318,77,0.0502,12325232,-41,1,-24,-40,-33,16
202031,2020-07-27,154,182027,2250,1476.8647,9241,19,0.0508,12325232,-41,0,-24,-39,-32,16
202031,2020-07-26,153,179777,662,1458.60946,9222,17,0.0513,12325232,-49,-2,-35,-38,-4,10
202030,2020-07-25,152,179115,2925,1453.23837,9205,49,0.0514,12325232,-37,11,-23,-26,-7,10
202030,2020-07-24,151,176190,2480,1429.50656,9156,58,0.052,12325232,-41,7,-10,-35,-29,16
202030,2020-07-23,150,173710,2591,1409.38524,9098,73,0.0524,12325232,-40,7,-19,-38,-32,17
202030,2020-07-22,149,171119,3318,1388.36332,9025,105,0.0527,12325232,-42,2,-22,-39,-32,17
202030,2020-07-21,148,167801,1453,1361.44293,8920,121,0.0532,12325232,-41,2,-27,-40,-32,17
202030,2020-07-20,147,166348,275,1349.65411,8799,21,0.0529,12325232,-41,2,-27,-40,-31,16
202030,2020-07-19,146,166073,979,1347.42291,8778,8,0.0529,12325232,-47,0,-24,-37,-2,10
202029,2020-07-18,145,165094,1470,1339.47986,8770,74,0.0531,12325232,-37,10,-32,-29,-7,11
202029,2020-07-17,144,163624,1382,1327.5531,8696,111,0.0531,12325232,-42,5,-23,-38,-31,17
202029,2020-07-16,143,162242,1916,1316.34033,8585,134,0.0529,12325232,-41,6,-33,-41,-34,17
202029,2020-07-15,142,160326,1524,1300.79499,8451,115,0.0527,12325232,-44,-1,-41,-43,-34,18
202029,2020-07-14,141,158802,4789,1288.43011,8336,105,0.0525,12325232,-45,-4,-42,-43,-36,18
202029,2020-07-13,140,154013,1207,1249.57486,8231,19,0.0534,12325232,-43,-3,-29,-41,-34,16
202029,2020-07-12,139,152806,1441,1239.78194,8212,36,0.0537,12325232,-49,0,-27,-37,-2,9
202028,2020-07-11,138,151365,1934,1228.09047,8176,87,0.054,12325232,-38,12,-33,-28,-8,10
202028,2020-07-10,137,149431,2692,1212.39909,8089,125,0.0541,12325232,-42,10,-24,-37,-32,16
202028,2020-07-09,136,146739,2166,1190.55771,7964,100,0.0543,12325232,-41,8,-33,-41,-37,17
202028,2020-07-08,135,144573,2071,1172.98401,7864,121,0.0544,12325232,-42,6,-30,-40,-34,16
202028,2020-07-07,134,142502,2271,1156.18108,7743,109,0.0543,12325232,-41,7,-36,-41,-36,17
202028,2020-07-06,133,140231,360,1137.75546,7634,13,0.0544,12325232,-43,1,-40,-42,-35,17
202028,2020-07-05,132,139871,2109,1134.83462,7621,24,0.0545,12325232,-53,2,-35,-41,-3,11
202027,2020-07-04,131,137762,688,1117.72338,7597,118,0.0551,12325232,-41,17,-36,-31,-10,11
202027,2020-07-03,130,137074,2090,1112.14134,7479,109,0.0546,12325232,-47,8,-32,-41,-33,19
202027,2020-07-02,129,134984,5656,1095.18425,7370,112,0.0546,12325232,-46,9,-36,-43,-36,18
202027,2020-07-01,128,129328,2209,1049.29465,7258,96,0.0561,12325232,-49,2,-40,-45,-37,19
202027,2020-06-30,127,127119,2107,1031.37207,7162,136,0.0563,12325232,-48,2,-42,-45,-36,18
202027,2020-06-29,126,125012,907,1014.27705,7026,23,0.0562,12325232,-50,-7,-44,-46,-36,19
202027,2020-06-28,125,124105,1346,1006.91817,7003,21,0.0564,12325232,-61,-10,-57,-49,-10,14
202026,2020-06-27,124,122759,1596,995.99748,6982,102,0.0569,12325232,-59,-9,-64,-49,-21,17
202026,2020-06-26,123,121163,3852,983.04843,6880,86,0.0568,12325232,-55,-4,-42,-46,-36,20
202026,2020-06-25,122,117311,4050,951.79547,6794,119,0.0579,12325232,-52,-2,-34,-45,-38,19
202026,2020-06-24,121,113261,3047,918.93605,6675,92,0.0589,12325232,-52,-8,-37,-46,-37,20
202026,2020-06-23,120,110214,2483,894.21441,6583,179,0.0597,12325232,-52,-9,-41,-47,-39,19
202026,2020-06-22,119,107731,1191,874.06874,6404,17,0.0594,12325232,-52,-11,-42,-47,-38,19
202026,2020-06-21,118,106540,949,864.40564,6387,16,0.0599,12325232,-58,-8,-37,-44,-4,12
202025,2020-06-20,117,105591,184,856.70598,6371,116,0.0603,12325232,-49,4,-37,-36,-12,12
202025,2020-06-19,116,105407,6877,855.21311,6255,158,0.0593,12325232,-52,-2,-30,-44,-35,19
202025,2020-06-18,115,98530,398,799.417,6097,138,0.0619,12325232,-52,-4,-36,-47,-39,20
202025,2020-06-17,114,98132,456,796.18785,5959,140,0.0607,12325232,-53,-8,-39,-47,-39,20
202025,2020-06-16,113,97676,4228,792.48813,5819,167,0.0596,12325232,-53,-10,-45,-49,-39,20
202025,2020-06-15,112,93448,2250,758.18451,5652,29,0.0605,12325232,-53,-11,-47,-48,-38,19
202025,2020-06-14,111,91198,3173,739.92928,5623,24,0.0617,12325232,-64,-17,-62,-51,-13,14
202024,2020-06-13,110,88025,2403,714.18534,5599,119,0.0636,12325232,-52,-1,-40,-39,-15,13
202024,2020-06-12,109,85622,2546,694.68875,5480,123,0.064,12325232,-49,7,-30,-45,-38,20
202024,2020-06-11,108,83076,2619,674.03194,5357,125,0.0645,12325232,-50,1,-37,-50,-45,21
202024,2020-06-10,107,80457,2431,652.78284,5232,159,0.065,12325232,-55,-4,-40,-48,-40,20
202024,2020-06-09,106,78026,2327,633.05908,5073,136,0.065,12325232,-58,-8,-50,-51,-41,21
202024,2020-06-08,105,75699,903,614.17911,4937,17,0.0652,12325232,-57,-6,-46,-49,-40,20
202024,2020-06-07,104,74796,935,606.85267,4920,19,0.0658,12325232,-63,-5,-45,-46,-11,13
202023,2020-06-06,103,73861,2408,599.26661,4901,96,0.0664,12325232,-56,8,-50,-40,-19,14
202023,2020-06-05,102,71453,2106,579.72945,4805,130,0.0672,12325232,-57,3,-40,-47,-39,21
202023,2020-06-04,101,69347,2570,562.64255,4675,111,0.0674,12325232,-60,-5,-46,-52,-43,22
202023,2020-06-03,100,66777,2334,541.79102,4564,121,0.0683,12325232,-61,-8,-49,-52,-43,22
202023,2020-06-02,99,64443,3317,522.85426,4443,139,0.0689,12325232,-63,-15,-59,-55,-44,22
202023,2020-06-01,98,61126,995,495.94198,4304,24,0.0704,12325232,-60,-10,-48,-52,-42,19
202023,2020-05-31,97,60131,1512,487.86911,4280,41,0.0712,12325232,-65,-10,-45,-49,-12,12
202022,2020-05-30,96,58619,2878,475.6016,4239,123,0.0723,12325232,-59,2,-48,-44,-21,14
202022,2020-05-29,95,55741,3022,452.25112,4116,158,0.0738,12325232,-60,-3,-39,-51,-41,21
202022,2020-05-28,94,52719,3455,427.73231,3958,132,0.0751,12325232,-61,-7,-46,-54,-45,22
202022,2020-05-27,93,49264,1710,399.70039,3826,135,0.0777,12325232,-62,-11,-47,-54,-45,22
202022,2020-05-26,92,47554,1350,385.82641,3691,136,0.0776,12325232,-62,-13,-52,-55,-44,21
202022,2020-05-25,91,46204,677,374.87327,3555,21,0.0769,12325232,-69,-21,-59,-66,-62,27
202022,2020-05-24,90,45527,640,369.38047,3534,43,0.0776,12325232,-70,-20,-61,-56,-23,16
202021,2020-05-23,89,44887,1914,364.18787,3491,139,0.0778,12325232,-66,-11,-62,-52,-30,18
202021,2020-05-22,88,42973,1522,348.65875,3352,114,0.078,12325232,-64,-9,-44,-55,-49,24
202021,2020-05-21,87,41451,1985,336.3101,3238,103,0.0781,12325232,-67,-12,-51,-63,-59,26
202021,2020-05-20,86,39466,1826,320.20493,3135,106,0.0794,12325232,-67,-16,-51,-63,-57,26
202021,2020-05-19,85,37640,1452,305.38979,3029,173,0.0805,12325232,-61,-13,-51,-56,-46,22
202021,2020-05-18,84,36188,257,293.60908,2856,21,0.0789,12325232,-63,-19,-52,-56,-46,22
202021,2020-05-17,83,35931,502,291.52392,2835,43,0.0789,12325232,-69,-20,-54,-53,-22,16
202020,2020-05-16,82,35429,1437,287.45098,2792,118,0.0788,12325232,-65,-10,-55,-48,-30,18
202020,2020-05-15,81,33992,2119,275.79197,2674,78,0.0787,12325232,-66,-14,-51,-54,-47,25
202020,2020-05-14,80,31873,1471,258.59959,2596,102,0.0814,12325232,-66,-18,-55,-56,-49,24
202020,2020-05-13,79,30402,1720,246.66473,2494,89,0.082,12325232,-66,-20,-52,-55,-49,24
202020,2020-05-12,78,28682,911,232.70962,2405,124,0.0839,12325232,-66,-19,-54,-55,-49,23
202020,2020-05-11,77,27771,464,225.31827,2281,15,0.0821,12325232,-68,-22,-55,-55,-48,23
202020,2020-05-10,76,27307,520,221.55364,2266,43,0.083,12325232,-64,-5,-57,-49,-15,13
202019,2020-05-09,75,26787,1420,217.33465,2223,113,0.083,12325232,-59,9,-52,-45,-30,16
202019,2020-05-08,74,25367,1094,205.81357,2110,124,0.0832,12325232,-62,1,-45,-52,-45,23
202019,2020-05-07,73,24273,1086,196.93747,1986,76,0.0818,12325232,-63,-3,-54,-56,-49,23
202019,2020-05-06,72,23187,2047,188.12628,1910,109,0.0824,12325232,-65,-14,-53,-56,-48,23
202019,2020-05-05,71,21140,1067,171.51807,1801,118,0.0852,12325232,-64,-13,-51,-57,-48,22
202019,2020-05-04,70,20073,251,162.86103,1683,10,0.0838,12325232,-65,-17,-52,-56,-47,21
202019,2020-05-03,69,19822,328,160.82456,1673,12,0.0844,12325232,-70,-22,-57,-56,-28,15
202018,2020-05-02,68,19494,407,158.16335,1661,54,0.0852,12325232,-67,-11,-60,-55,-37,18
202018,2020-05-01,67,19087,938,154.86118,1607,85,0.0842,12325232,-76,-25,-55,-72,-73,31
202018,2020-04-30,66,18149,1511,147.25078,1522,83,0.0839,12325232,-60,0,-43,-54,-48,20
202018,2020-04-29,65,16638,1241,134.99137,1439,118,0.0865,12325232,-65,-17,-48,-57,-48,23
202018,2020-04-28,64,15397,1408,124.9226,1321,149,0.0858,12325232,-65,-20,-52,-58,-49,23
202018,2020-04-27,63,13989,476,113.49888,1172,58,0.0838,12325232,-66,-22,-53,-58,-48,22
202018,2020-04-26,62,13513,415,109.63688,1114,15,0.0824,12325232,-70,-23,-54,-55,-29,15
202017,2020-04-25,61,13098,1298,106.2698,1099,89,0.0839,12325232,-66,-13,-52,-52,-34,17
202017,2020-04-24,60,11800,575,95.73856,1010,98,0.0856,12325232,-66,-17,-46,-56,-48,24
202017,2020-04-23,59,11225,534,91.07334,912,134,0.0812,12325232,-66,-14,-49,-58,-50,23
202017,2020-04-22,58,10691,349,86.74076,778,25,0.0728,12325232,-66,-18,-52,-58,-50,23
202017,2020-04-21,57,10342,527,83.90917,753,38,0.0728,12325232,-76,-35,-61,-75,-76,30
202017,2020-04-20,56,9815,147,79.63339,715,15,0.0728,12325232,-65,-16,-55,-61,-58,24
202017,2020-04-19,55,9668,240,78.44071,700,14,0.0724,12325232,-71,-23,-55,-56,-32,16
202016,2020-04-18,54,9428,684,76.49349,686,43,0.0728,12325232,-67,-13,-58,-54,-37,18
202016,2020-04-17,53,8744,836,70.9439,643,40,0.0735,12325232,-68,-16,-50,-58,-51,25
202016,2020-04-16,52,7908,144,64.16106,603,45,0.0763,12325232,-67,-16,-51,-60,-53,24
202016,2020-04-15,51,7764,1059,62.99273,558,46,0.0719,12325232,-68,-20,-54,-60,-53,25
202016,2020-04-14,50,6705,287,54.4006,512,56,0.0764,12325232,-69,-25,-60,-62,-54,25
202016,2020-04-13,49,6418,66,52.07204,456,11,0.0711,12325232,-69,-24,-57,-60,-53,23
202016,2020-04-12,48,6352,221,51.53656,445,23,0.0701,12325232,-73,-24,-63,-57,-33,15
202015,2020-04-11,47,6131,149,49.74349,422,13,0.0688,12325232,-68,-10,-63,-56,-44,19
202015,2020-04-10,46,5982,505,48.53458,409,25,0.0684,12325232,-80,-29,-63,-75,-78,33
202015,2020-04-09,45,5477,530,44.4373,384,45,0.0701,12325232,-62,12,-48,-56,-53,22
202015,2020-04-08,44,4947,689,40.13718,339,43,0.0685,12325232,-67,-8,-57,-59,-54,24
202015,2020-04-07,43,4258,504,34.54702,296,52,0.0695,12325232,-68,-14,-60,-60,-55,24
202015,2020-04-06,42,3754,142,30.45784,244,24,0.065,12325232,-69,-18,-55,-59,-53,24
202015,2020-04-05,41,3612,116,29.30574,220,8,0.0609,12325232,-73,-26,-57,-57,-36,16
202014,2020-04-04,40,3496,294,28.36458,212,26,0.0606,12325232,-71,-13,-58,-56,-43,19
202014,2020-04-03,39,3202,387,25.97923,186,22,0.0581,12325232,-72,-18,-54,-61,-55,27
202014,2020-04-02,38,2815,397,22.83933,164,20,0.0583,12325232,-69,-19,-54,-63,-58,26
202014,2020-04-01,37,2418,533,19.61829,144,23,0.0596,12325232,-68,-20,-55,-63,-57,26
202014,2020-03-31,36,1885,652,15.29383,121,18,0.0642,12325232,-69,-23,-61,-64,-58,25
202014,2020-03-30,35,1233,189,10.00387,103,41,0.0835,12325232,-70,-28,-60,-64,-57,25
202013,2020-03-27,32,1044,145,8.47043,62,9,0.0594,12325232,-73,-24,-56,-64,-57,28
202013,2020-03-26,31,899,177,7.29398,53,9,0.059,12325232,-74,-25,-60,-66,-59,27
202013,2020-03-25,30,722,416,5.8579,44,35,0.0609,12325232,-75,-28,-64,-66,-60,28
202012,2020-03-20,25,306,47,2.48271,9,4,0.0294,12325232,-54,4,-35,-42,-29,17
202012,2020-03-19,24,259,45,2.10138,5,2,0.0193,12325232,-36,16,-31,-34,-21,12
202012,2020-03-18,23,214,58,1.73628,3,2,0.014,12325232,-31,13,-24,-27,-13,9
202012,2020-03-17,22,156,11,1.2657,1,1,0.0064,12325232,-24,10,-27,-21,-6,7
202012,2020-03-16,21,145,83,1.17645,0,0,0,12325232,-15,9,-15,-8,3,3
202011,2020-03-14,19,62,18,0.50303,0,0,0,12325232,-2,15,7,2,6,1
202011,2020-03-12,17,44,15,0.35699,0,0,0,12325232,3,12,10,13,14,-2
202011,2020-03-11,16,29,11,0.23529,0,0,0,12325232,2,6,6,12,14,-2
202011,2020-03-10,15,18,3,0.14604,0,0,0,12325232,3,6,-1,11,15,-2
202011,2020-03-09,14,15,0,0.1217,0,0,0,12325232,3,9,2,14,16,-2
202011,2020-03-08,13,15,3,0.1217,0,0,0,12325232,6,13,26,6,2,1
202010,2020-03-07,12,12,6,0.09736,0,0,0,12325232,16,20,19,16,8,-1
202010,2020-03-05,10,6,3,0.04868,0,0,0,12325232,5,12,9,14,15,-2
202010,2020-03-04,9,3,1,0.02434,0,0,0,12325232,-1,5,-2,10,14,-2
202010,2020-03-03,8,2,0,0.01623,0,0,0,12325232,-3,4,-11,8,12,-1
202010,2020-03-02,7,2,0,0.01623,0,0,0,12325232,-4,1,-18,10,15,-1
202010,2020-03-01,6,2,0,0.01623,0,0,0,12325232,0,11,14,-2,0,4
202009,2020-02-29,5,2,0,0.01623,0,0,0,12325232,7,13,13,6,6,2
202009,2020-02-28,4,2,1,0.01623,0,0,0,12325232,-2,7,-7,7,14,0
202009,2020-02-27,3,1,0,0.00811,0,0,0,12325232,-6,9,-12,5,10,1
202009,2020-02-26,2,1,0,0.00811,0,0,0,12325232,-23,-7,-39,-19,-15,7
202009,2020-02-25,1,1,1,0.00811,0,0,0,12325232,-34,-25,17,-46,-66,14
